Date,High,Low,Open,Close,Volume,Adj Close,EMA5,EMA10,EMA20,EMA60,btop,bsma,bottom,bwidth
2020-01-02,339.0,332.5,332.5,339.0,31754120.0,325.46,,,,,,,,
2020-01-03,345.0,335.5,344.0,339.5,41811268.0,325.94,,,,,,,,
2020-01-06,334.5,332.0,333.0,332.0,45343057.0,318.74,,,,,,,,
2020-01-07,333.0,326.5,332.5,329.5,50879181.0,316.34,,,,,,,,
2020-01-08,333.0,325.0,325.0,329.5,37567748.0,316.34,333.9,,,,,,,
2020-01-09,337.5,333.5,335.0,337.5,31481504.0,324.02,335.1,,,,,,,
2020-01-10,341.0,336.0,340.5,339.5,27032115.0,325.94,336.57,,,,,,,
2020-01-13,342.0,339.0,342.0,341.5,30663332.0,327.86,338.21,,,,,,,
2020-01-14,346.0,344.5,345.5,346.0,30223993.0,332.18,340.81,,,,,,,
2020-01-15,345.0,337.5,345.0,340.0,47434274.0,326.42,340.54,337.4,,,,,,
2020-01-16,336.5,330.0,330.0,334.5,55211420.0,321.14,338.53,336.87,,,,,,
2020-01-17,335.5,332.0,334.0,333.0,52060097.0,319.7,336.68,336.17,,,,,,
2020-01-20,335.5,333.0,334.0,333.0,32658203.0,319.7,335.46,335.59,,,,,,
2020-01-30,326.0,316.5,326.0,316.5,125451049.0,303.86,329.14,332.12,,,,,,
2020-01-31,323.5,319.0,323.0,320.0,62526055.0,307.22,326.09,329.92,,,,,,
2020-02-03,316.5,312.0,315.0,315.0,59560849.0,302.42,322.39,327.21,,,,,,
2020-02-04,337.0,325.0,336.5,325.0,51890496.0,312.02,323.26,326.8,,,,,,
2020-02-05,329.5,324.5,329.0,327.5,36601453.0,314.42,324.68,326.93,,,,,,
2020-02-06,332.5,329.0,329.5,332.5,29267094.0,319.22,327.28,327.94,,,,,,
2020-02-07,330.5,326.0,330.0,328.0,28798327.0,314.9,327.52,327.95,331.95,,348.21,331.95,315.69,0.1
2020-02-10,328.0,321.0,321.5,327.5,30632424.0,314.42,327.51,327.87,331.53,,347.41,331.38,315.34,0.1
2020-02-11,332.5,330.0,330.5,331.5,27524935.0,318.26,328.84,328.53,331.52,,346.57,330.98,315.38,0.09
2020-02-12,336.0,333.0,333.5,335.0,37612639.0,321.62,330.9,329.71,331.85,,346.81,331.12,315.44,0.09
2020-02-13,338.0,335.0,338.0,335.0,22757021.0,321.62,332.26,330.67,332.15,,347.16,331.4,315.64,0.1
2020-02-14,337.0,334.5,337.0,335.0,16933683.0,321.62,333.18,331.46,332.43,,347.48,331.68,315.87,0.1
2020-02-17,333.0,330.5,331.5,331.5,15937079.0,318.26,332.62,331.46,332.34,,346.95,331.38,315.8,0.09
2020-02-18,326.5,322.0,324.5,322.0,61825604.0,309.14,329.08,329.74,331.35,,346.12,330.5,314.88,0.09
2020-02-19,327.0,322.0,322.5,326.5,38781218.0,313.46,328.22,329.15,330.89,,344.61,329.75,314.89,0.09
2020-02-20,329.0,325.0,328.0,325.5,27011736.0,312.5,327.31,328.49,330.38,,341.66,328.72,315.79,0.08
2020-02-21,326.5,323.0,325.5,325.0,22813534.0,312.02,326.54,327.86,329.87,,339.91,327.98,316.04,0.07
2020-02-24,321.5,319.5,319.5,320.0,41693680.0,307.22,324.36,326.43,328.93,,339.27,327.25,315.23,0.07
2020-02-25,323.5,317.5,320.0,322.0,36195011.0,309.14,323.57,325.62,328.27,,338.63,326.7,314.77,0.07
2020-02-26,320.5,316.5,317.0,318.5,60479362.0,305.78,321.88,324.33,327.34,,338.04,325.98,313.91,0.07
2020-02-27,320.0,315.0,319.0,316.0,61250927.0,303.38,319.92,322.81,326.26,,338.1,325.95,313.8,0.07
2020-03-02,317.0,308.0,308.0,311.0,79912942.0,298.58,316.95,320.67,324.8,,339.08,325.5,311.92,0.08
2020-03-03,320.0,316.0,318.5,317.5,49679411.0,304.82,317.13,320.09,324.11,,338.86,325.62,312.39,0.08
2020-03-04,322.0,317.0,322.0,320.5,42941146.0,307.7,318.25,320.16,323.76,,338.82,325.4,311.98,0.08
2020-03-05,326.0,323.0,325.0,323.0,37861525.0,310.1,319.84,320.68,323.69,,338.6,325.18,311.75,0.08
2020-03-06,320.5,315.0,320.0,315.0,51546760.0,302.42,318.22,319.65,322.86,,337.98,324.3,310.62,0.08
2020-03-09,310.0,305.5,307.5,305.5,87871277.0,293.3,313.98,317.07,321.21,,338.98,323.18,307.37,0.1
2020-03-10,309.0,301.0,301.5,307.0,71950130.0,294.74,311.66,315.24,319.86,,339.31,322.15,304.99,0.11
2020-03-11,310.5,302.0,309.0,302.0,62216710.0,289.94,308.44,312.84,318.16,,339.37,320.68,301.98,0.12
2020-03-12,299.0,287.0,299.0,294.0,113527351.0,282.26,303.62,309.41,315.86,,339.45,318.62,297.8,0.13
2020-03-13,294.0,272.5,275.0,290.0,149995148.0,278.42,299.08,305.88,313.39,,339.26,316.38,293.49,0.14
2020-03-16,291.0,275.5,285.0,276.5,103873228.0,265.45,291.56,300.54,309.88,,340.62,313.45,286.28,0.17
2020-03-17,276.5,265.0,265.0,268.0,121323651.0,257.29,283.7,294.62,305.89,,342.61,310.27,277.94,0.21
2020-03-18,272.5,260.0,269.5,260.0,117437643.0,249.61,275.8,288.33,301.52,,345.72,307.18,268.63,0.25
2020-03-19,253.0,235.5,252.0,248.0,160811697.0,240.4,266.53,281.0,296.42,,348.52,303.25,257.98,0.3
2020-03-20,270.0,256.0,258.5,270.0,157664726.0,261.73,267.69,279.0,293.91,,346.74,300.48,254.21,0.31
2020-03-23,262.5,252.0,257.0,255.0,76466709.0,247.19,263.46,274.63,290.2,,345.81,296.98,248.14,0.33
2020-03-24,274.0,266.0,268.0,267.5,81952933.0,259.31,264.81,273.34,288.04,,343.6,294.35,245.1,0.33
2020-03-25,280.0,274.0,276.5,277.0,79447199.0,268.52,268.87,274.0,286.99,,340.19,292.1,244.01,0.33
2020-03-26,280.0,275.5,279.5,280.0,52845633.0,271.42,272.58,275.09,286.32,,336.94,290.18,243.41,0.32
2020-03-27,286.0,273.0,284.0,273.0,68752306.0,264.64,272.72,274.71,285.05,,333.79,288.02,242.26,0.32
2020-03-30,269.0,262.5,263.5,267.5,49159956.0,259.31,270.98,273.4,283.38,,331.17,285.85,240.53,0.32
2020-03-31,274.0,269.5,273.0,274.0,48837923.0,265.61,271.99,273.51,282.49,,326.84,283.68,240.51,0.3
2020-04-01,276.5,271.5,276.5,271.5,44515034.0,263.19,271.82,273.14,281.44,,321.19,281.23,241.26,0.28
2020-04-06,275.5,270.0,273.0,275.5,56392754.0,267.06,273.05,273.57,280.88,,313.96,278.85,243.74,0.25
2020-04-07,284.0,280.5,283.5,283.0,48787346.0,274.33,276.37,275.29,281.08,,308.3,277.25,246.2,0.22
2020-04-08,285.5,283.0,285.0,285.0,37912826.0,276.27,279.24,277.05,281.45,310.45,304.73,276.23,247.72,0.21
2020-04-09,288.0,282.5,287.5,283.0,27620430.0,274.33,280.5,278.13,281.6,309.55,300.05,275.02,250.0,0.18
2020-04-10,282.0,279.0,280.0,279.5,27252858.0,270.94,280.16,278.38,281.4,308.56,295.81,273.9,251.99,0.16
2020-04-13,281.5,278.5,278.5,278.5,22196596.0,269.97,279.61,278.4,281.12,307.58,293.15,273.12,253.1,0.15
2020-04-14,285.5,280.0,281.0,285.0,48809688.0,276.27,281.41,279.6,281.49,306.84,292.16,272.88,253.59,0.14
2020-04-15,288.5,286.0,287.0,287.5,55216434.0,278.7,283.44,281.04,282.06,306.2,293.69,273.42,253.16,0.15
2020-04-16,288.5,283.0,283.0,286.5,47815280.0,277.73,284.46,282.03,282.49,305.56,295.22,274.35,253.48,0.15
2020-04-17,308.5,300.5,303.5,306.5,116368201.0,297.11,291.81,286.48,284.77,305.59,300.75,276.68,252.6,0.17
2020-04-20,309.0,302.5,308.0,304.0,41381669.0,294.69,295.87,289.67,286.6,305.54,302.56,279.48,256.39,0.17
2020-04-21,301.5,293.5,300.5,295.0,61479357.0,285.97,295.58,290.64,287.4,305.19,304.33,280.73,257.12,0.17
2020-04-22,295.0,290.5,294.5,294.0,42192580.0,285.0,295.05,291.25,288.03,304.82,303.77,282.68,261.58,0.15
2020-04-23,300.0,294.0,300.0,295.5,39474478.0,286.45,295.2,292.02,288.74,304.52,304.66,284.08,263.49,0.14
2020-04-24,297.0,294.0,295.5,294.0,26008090.0,285.0,294.8,292.38,289.24,304.17,305.68,284.92,264.17,0.15
2020-04-27,298.5,296.0,298.0,298.0,38493406.0,288.87,295.87,293.4,290.08,303.97,307.2,285.82,264.45,0.15
2020-04-28,298.5,294.5,298.5,296.5,37395165.0,287.42,296.08,293.97,290.69,303.73,308.0,287.0,266.0,0.15
2020-04-29,301.5,298.0,299.0,299.0,44059301.0,289.84,297.05,294.88,291.48,303.57,308.17,288.58,268.98,0.14
2020-04-30,305.0,301.5,302.0,304.5,55126085.0,295.17,299.53,296.63,292.72,303.6,309.67,290.1,270.53,0.13
2020-05-04,296.5,294.0,294.5,295.0,71581861.0,285.97,298.02,296.33,292.94,303.32,308.97,291.27,273.58,0.12
2020-05-05,298.0,295.0,296.5,295.5,23547405.0,286.45,297.18,296.18,293.18,303.06,308.48,292.27,276.07,0.11
2020-05-06,296.0,292.5,294.5,296.0,34240479.0,286.93,296.79,296.15,293.45,302.83,308.63,292.92,277.22,0.11
2020-05-07,299.0,294.5,294.5,297.5,27621198.0,288.39,297.03,296.39,293.84,302.66,308.93,293.55,278.17,0.1
2020-05-08,300.0,296.0,300.0,297.5,32295893.0,288.39,297.18,296.6,294.19,302.49,308.95,294.27,279.6,0.1
2020-05-11,301.5,298.5,300.0,301.0,28727019.0,291.78,298.46,297.4,294.83,302.44,308.62,295.35,282.08,0.09
2020-05-12,298.5,295.0,297.5,295.0,52089788.0,285.97,297.3,296.96,294.85,302.2,306.98,296.18,285.37,0.07
2020-05-13,297.0,292.5,293.0,297.0,26156418.0,287.9,297.2,296.97,295.05,302.03,306.29,296.77,287.26,0.06
2020-05-14,295.0,292.5,293.0,293.0,34315948.0,284.03,295.8,296.25,294.86,301.73,305.76,297.05,288.34,0.06
2020-05-15,298.5,294.5,297.5,298.0,42494804.0,288.87,296.53,296.57,295.16,301.61,304.86,297.62,290.39,0.05
2020-05-18,293.5,290.0,291.0,290.0,84986065.0,281.12,294.36,295.37,294.67,301.23,303.55,296.8,290.05,0.05
2020-05-19,294.0,291.5,294.0,291.5,51250214.0,282.57,293.4,294.67,294.37,300.91,302.44,296.18,289.91,0.04
2020-05-20,294.0,291.0,293.0,294.0,32677994.0,285.0,293.6,294.55,294.33,300.68,302.44,296.12,289.81,0.04
2020-05-21,298.0,295.0,296.0,297.5,30997468.0,288.39,294.9,295.08,294.63,300.58,302.56,296.3,290.04,0.04
2020-05-22,295.0,291.0,294.5,292.0,40192923.0,283.06,293.93,294.52,294.38,300.3,302.66,296.12,289.59,0.04
2020-05-25,293.0,288.5,290.5,292.0,26803223.0,283.06,293.29,294.06,294.15,300.02,302.74,296.02,289.31,0.05
2020-05-26,297.5,293.5,295.0,295.5,33856481.0,286.45,294.03,294.33,294.28,299.88,302.56,295.9,289.24,0.05
2020-05-27,298.0,295.5,297.0,296.5,23375959.0,287.42,294.85,294.72,294.49,299.76,302.56,295.9,289.24,0.05
2020-05-28,298.5,293.0,298.5,294.0,28444568.0,285.0,294.57,294.59,294.45,299.58,302.2,295.65,289.1,0.04
2020-05-29,292.5,290.0,292.0,292.0,79774181.0,283.06,293.71,294.12,294.21,299.33,300.35,295.02,289.7,0.04
2020-06-01,296.5,293.5,294.0,295.5,35811214.0,286.45,294.31,294.37,294.34,299.2,300.38,295.05,289.72,0.04
2020-06-02,297.5,296.0,296.0,296.5,24771587.0,287.42,295.04,294.76,294.54,299.11,300.46,295.1,289.74,0.04
2020-06-03,301.0,298.0,300.0,301.0,65176337.0,291.78,297.03,295.89,295.16,299.18,301.29,295.35,289.41,0.04
2020-06-04,306.0,304.0,305.0,306.0,46572451.0,296.63,300.02,297.73,296.19,299.4,303.28,295.77,288.27,0.05
2020-06-05,312.0,308.0,308.5,311.5,42981262.0,301.96,303.84,300.23,297.65,299.8,306.64,296.48,286.31,0.07
2020-06-08,319.0,315.0,316.0,318.0,50302921.0,308.26,308.56,303.46,299.59,300.39,311.07,297.32,283.58,0.09
2020-06-09,319.0,314.0,316.5,319.0,36417082.0,309.23,312.04,306.29,301.44,301.0,315.14,298.52,281.91,0.11
2020-06-10,324.0,318.0,319.0,322.5,39984259.0,312.62,315.53,309.24,303.44,301.71,319.4,299.8,280.2,0.13
2020-06-11,327.0,318.5,325.5,320.5,50104255.0,310.68,317.19,311.28,305.07,302.32,322.46,301.18,279.89,0.14
2020-06-12,317.5,312.5,313.0,316.0,45992918.0,306.32,316.79,312.14,306.11,302.77,324.25,302.08,279.9,0.15
2020-06-15,317.5,308.5,316.0,309.5,51032404.0,300.02,314.36,311.66,306.43,302.99,324.72,303.05,281.38,0.14
2020-06-16,317.0,314.0,317.0,315.0,36608216.0,305.35,314.57,312.27,307.25,303.39,325.81,304.23,282.64,0.14
2020-06-17,317.0,313.5,316.5,315.0,34522968.0,305.35,314.72,312.76,307.99,303.77,326.81,305.27,283.74,0.14
2020-06-18,315.0,313.0,314.5,314.5,29044474.0,307.31,314.64,313.08,308.61,304.12,327.71,306.12,284.54,0.14
2020-06-19,314.5,312.0,314.0,314.5,48130280.0,307.31,314.6,313.34,309.17,304.46,328.11,307.25,286.39,0.14
2020-06-22,316.5,312.0,314.5,312.0,37374616.0,304.86,313.73,313.1,309.44,304.71,327.97,308.25,288.53,0.13
2020-06-23,316.5,312.5,316.0,315.0,41300084.0,307.8,314.15,313.44,309.97,305.04,328.25,309.23,290.2,0.12
2020-06-24,320.0,316.0,319.0,317.5,54147024.0,310.24,315.27,314.18,310.68,305.45,328.68,310.27,291.87,0.12
2020-06-29,315.0,310.0,314.0,312.0,56580892.0,304.86,314.18,313.78,310.81,305.67,328.0,311.18,294.35,0.11
2020-06-30,314.0,311.0,313.5,313.0,48991860.0,305.84,313.79,313.64,311.02,305.91,326.57,312.23,297.88,0.09
2020-07-01,318.0,314.0,315.0,317.5,29532342.0,310.24,315.02,314.34,311.64,306.29,325.6,313.32,301.05,0.08
2020-07-02,322.0,318.0,319.0,322.0,34526178.0,314.64,317.35,315.73,312.62,306.8,324.73,314.6,304.47,0.06
2020-07-03,330.5,326.5,327.0,329.5,53341987.0,321.96,321.4,318.24,314.23,307.55,326.12,316.02,305.93,0.06
2020-07-06,338.0,332.0,332.5,338.0,57256220.0,330.27,326.93,321.83,316.49,308.55,330.59,317.62,304.66,0.08
2020-07-07,346.0,338.0,343.5,338.5,59046323.0,330.76,330.79,324.86,318.59,309.53,334.48,318.98,303.47,0.1
2020-07-08,342.5,337.5,337.5,341.0,30720218.0,333.2,334.19,327.8,320.72,310.56,338.35,320.12,301.9,0.11
2020-07-09,347.0,343.0,346.0,345.0,35522376.0,337.11,337.79,330.92,323.04,311.69,342.61,321.42,300.24,0.13
2020-07-10,353.0,345.5,352.5,348.5,60902108.0,340.53,341.36,334.12,325.46,312.9,346.98,322.73,298.47,0.15
2020-07-13,354.5,350.5,351.0,354.5,48069523.0,346.39,345.74,337.83,328.23,314.26,352.31,324.42,296.54,0.17
2020-07-14,364.0,354.5,355.0,363.5,61764150.0,355.19,351.66,342.49,331.59,315.87,359.15,326.8,294.45,0.2
2020-07-15,370.0,361.0,366.0,363.0,73438362.0,354.7,355.44,346.22,334.58,317.42,364.4,329.48,294.55,0.21
2020-07-16,361.0,353.5,359.0,357.5,68220512.0,349.32,356.13,348.27,336.76,318.73,367.89,331.6,295.31,0.22
2020-07-17,369.0,360.0,361.0,367.0,65727485.0,358.61,359.75,351.68,339.64,320.32,372.74,334.2,295.66,0.23
2020-07-20,370.0,362.5,370.0,366.0,42769238.0,357.63,361.83,354.28,342.15,321.81,376.57,336.78,296.98,0.24
2020-07-21,387.0,371.5,372.5,383.0,64219128.0,374.24,368.89,359.5,346.04,323.82,383.38,340.2,297.02,0.25
2020-07-22,386.0,379.0,381.0,384.0,43759670.0,375.22,373.93,363.96,349.66,325.79,388.94,343.8,298.66,0.26
2020-07-23,383.0,379.0,382.0,381.5,45209282.0,372.77,376.45,367.15,352.69,327.62,393.08,347.12,301.17,0.26
2020-07-24,395.0,382.0,390.0,386.0,86682734.0,377.17,379.63,370.57,355.86,329.53,397.36,350.55,303.74,0.27
2020-07-27,424.5,416.5,420.5,424.5,99333798.0,414.79,394.59,380.38,362.4,332.65,409.67,356.18,302.68,0.3
2020-07-28,466.5,428.5,464.0,435.0,166307746.0,425.05,408.06,390.31,369.31,336.0,422.13,362.28,302.42,0.33
2020-07-29,431.5,419.5,428.0,422.0,85663166.0,412.35,412.71,396.07,374.33,338.82,429.03,367.5,305.97,0.33
2020-07-30,441.0,428.5,436.5,434.0,69293949.0,424.07,419.8,402.97,380.01,341.94,437.37,373.1,308.83,0.34
2020-07-31,432.0,425.5,426.0,425.5,49897674.0,415.77,421.7,407.06,384.35,344.68,442.77,377.9,313.03,0.34
2020-08-03,424.0,415.0,420.5,416.0,76429571.0,406.49,419.8,408.69,387.36,347.02,445.98,381.8,317.62,0.34
2020-08-04,425.5,418.5,421.5,425.5,41223445.0,415.77,421.7,411.75,390.99,349.59,449.79,386.15,322.51,0.33
2020-08-05,433.5,426.0,430.5,429.0,47223834.0,419.19,424.13,414.88,394.61,352.2,453.26,390.55,327.84,0.32
2020-08-06,438.0,431.0,437.5,435.0,41029627.0,425.05,427.76,418.54,398.46,354.91,456.95,395.05,333.15,0.31
2020-08-07,434.0,428.0,433.5,433.0,36589460.0,423.1,429.5,421.17,401.75,357.47,459.4,399.28,339.15,0.3
2020-08-10,437.5,427.5,427.5,435.5,36067500.0,425.54,431.5,423.78,404.96,360.03,461.72,403.32,344.93,0.29
2020-08-11,435.0,429.0,432.0,429.0,34545313.0,419.19,430.67,424.73,407.25,362.29,463.01,406.6,350.19,0.28
2020-08-12,423.5,419.0,422.0,419.0,52143474.0,409.42,426.78,423.68,408.37,364.15,462.33,409.4,356.47,0.26
2020-08-13,429.0,424.5,428.0,429.0,44352335.0,419.19,427.52,424.65,410.34,366.28,460.81,412.98,365.14,0.23
2020-08-14,428.0,423.0,424.0,427.0,23419955.0,417.23,427.35,425.08,411.92,368.27,459.21,415.98,372.74,0.21
2020-08-17,435.0,425.5,427.0,435.0,34137731.0,425.05,429.9,426.88,414.12,370.46,456.76,419.42,382.09,0.18
2020-08-18,440.5,432.0,440.0,433.0,41643160.0,423.1,430.93,427.99,415.92,372.51,455.7,421.92,388.15,0.16
2020-08-19,436.5,427.5,436.0,427.5,31486800.0,417.72,429.79,427.9,417.02,374.31,453.09,424.1,395.11,0.14
2020-08-20,427.5,401.0,427.0,415.0,75097235.0,405.51,424.86,425.56,416.83,375.64,447.74,425.78,403.81,0.1
2020-08-21,427.0,420.0,421.5,424.5,41609467.0,414.79,424.74,425.37,417.56,377.25,440.02,427.7,415.38,0.06
2020-08-24,434.5,425.0,427.5,428.0,48375406.0,418.21,425.83,425.84,418.55,378.91,440.11,427.88,415.64,0.06
2020-08-25,436.0,430.5,433.5,434.5,35977899.0,424.56,428.72,427.42,420.07,380.73,440.02,427.85,415.68,0.06
2020-08-26,442.0,435.0,435.5,442.0,39243340.0,431.89,433.14,430.07,422.16,382.74,442.17,428.85,415.53,0.06
2020-08-27,453.5,444.0,448.0,444.0,53072712.0,433.85,436.76,432.6,424.24,384.75,444.08,429.35,414.62,0.07
2020-08-28,440.5,431.0,440.0,435.0,56842210.0,425.05,436.18,433.04,425.27,386.4,444.64,429.82,415.01,0.07
2020-08-31,439.5,426.5,437.0,426.5,81480538.0,416.75,432.95,431.85,425.38,387.71,443.86,430.35,416.84,0.06
2020-09-01,435.0,428.0,430.0,435.0,37429577.0,425.05,433.63,432.42,426.3,389.26,444.28,430.82,417.37,0.06
2020-09-02,441.0,430.5,441.0,433.0,34871407.0,423.1,433.42,432.53,426.94,390.7,444.49,431.02,417.56,0.06
2020-09-03,439.5,433.5,439.5,436.0,34951617.0,426.03,434.28,433.16,427.8,392.18,444.6,431.08,417.55,0.06
2020-09-04,432.5,427.0,427.0,429.0,46119911.0,419.19,432.52,432.4,427.91,393.39,444.4,430.88,417.35,0.06
2020-09-07,432.5,425.0,428.0,426.0,32019312.0,416.26,430.35,431.24,427.73,394.46,443.91,430.4,416.89,0.06
2020-09-08,433.0,427.5,428.0,431.0,23714670.0,421.14,430.56,431.2,428.04,395.66,444.0,430.5,417.0,0.06
2020-09-09,428.0,423.0,425.0,427.0,40551362.0,417.23,429.38,430.43,427.94,396.68,443.45,430.9,418.35,0.06
2020-09-10,435.0,430.5,432.5,435.0,35098921.0,425.05,431.25,431.26,428.62,397.94,443.84,431.2,418.56,0.06
2020-09-11,436.5,432.5,435.5,436.5,34298469.0,426.52,433.0,432.22,429.37,399.2,444.36,431.68,418.99,0.06
2020-09-14,442.0,435.5,436.0,441.0,39085833.0,430.91,435.67,433.81,430.47,400.58,445.24,431.98,418.71,0.06
2020-09-15,447.0,439.5,440.5,445.0,39061449.0,434.82,438.78,435.85,431.86,402.03,447.0,432.58,418.15,0.07
2020-09-16,462.0,455.5,460.0,458.0,64261238.0,447.53,445.19,439.87,434.35,403.87,452.07,434.1,416.13,0.08
2020-09-17,455.0,446.5,453.0,448.5,42058506.0,440.65,446.29,441.44,435.7,405.33,452.52,435.78,419.03,0.08
2020-09-18,449.5,443.0,447.0,444.0,52454922.0,436.23,445.53,441.91,436.49,406.6,453.01,436.75,420.49,0.07
2020-09-21,450.0,440.0,443.5,440.0,39463920.0,432.3,443.68,441.56,436.82,407.69,453.16,437.35,421.54,0.07
2020-09-22,441.0,436.0,440.0,437.0,36130639.0,429.35,441.46,440.73,436.84,408.65,453.23,437.48,421.72,0.07
2020-09-23,438.5,432.0,436.0,433.5,45710963.0,425.91,438.8,439.42,436.52,409.47,452.75,437.05,421.35,0.07
2020-09-24,429.0,423.0,425.5,423.0,79806381.0,415.59,433.54,436.43,435.23,409.91,452.49,436.0,419.51,0.08
2020-09-25,428.0,421.0,427.0,424.0,38775269.0,416.58,430.36,434.17,434.16,410.37,452.75,435.45,418.15,0.08
2020-09-28,431.5,424.5,427.0,431.5,34156973.0,423.95,430.74,433.69,433.91,411.07,452.62,435.7,418.78,0.08
2020-09-29,435.0,428.0,432.5,431.0,32230502.0,423.45,430.83,433.2,433.63,411.72,452.54,435.5,418.46,0.08
2020-09-30,435.0,430.5,430.5,433.0,27334204.0,425.42,431.55,433.16,433.57,412.42,452.54,435.5,418.46,0.08
2020-10-05,438.0,431.5,438.0,432.5,32945832.0,424.93,431.87,433.04,433.47,413.08,452.41,435.32,418.24,0.08
2020-10-06,442.0,437.5,441.5,439.5,35775395.0,431.81,434.41,434.22,434.04,413.94,452.77,435.85,418.93,0.08
2020-10-07,445.0,435.0,435.0,443.0,42926239.0,435.24,437.27,435.81,434.9,414.9,453.26,436.7,420.14,0.08
2020-10-08,454.0,448.5,450.0,453.0,60853811.0,445.07,442.52,438.94,436.62,416.14,455.58,437.8,420.02,0.08
2020-10-12,462.0,457.5,458.0,460.0,64719223.0,451.95,448.34,442.77,438.85,417.58,458.96,439.45,419.94,0.09
2020-10-13,465.0,456.5,465.0,462.0,45750738.0,453.91,452.9,446.26,441.05,419.04,462.5,440.8,419.1,0.1
2020-10-14,461.0,457.0,460.5,459.0,40809241.0,450.96,454.93,448.58,442.76,420.35,464.91,441.92,418.94,0.1
2020-10-15,456.5,450.0,456.0,453.0,47775028.0,445.07,454.29,449.38,443.74,421.42,466.01,442.52,419.04,0.11
2020-10-16,456.0,448.5,451.0,449.0,46876801.0,441.14,452.52,449.31,444.24,422.32,466.35,442.72,419.1,0.11
2020-10-19,457.5,451.0,453.0,457.5,34470906.0,449.49,454.18,450.8,445.5,423.48,466.27,442.7,419.13,0.11
2020-10-20,457.0,451.0,455.5,451.0,25205638.0,443.1,453.12,450.84,446.02,424.38,466.54,442.82,419.11,0.11
2020-10-21,456.0,451.0,453.5,453.0,28058921.0,445.07,453.08,451.23,446.69,425.32,467.4,443.28,419.15,0.11
2020-10-22,455.0,449.5,450.0,455.0,23438547.0,447.03,453.72,451.92,447.48,426.29,468.62,444.02,419.43,0.11
2020-10-23,458.0,451.5,458.0,452.0,18777385.0,444.09,453.15,451.93,447.91,427.13,469.38,444.78,420.17,0.11
2020-10-26,455.0,450.0,455.0,450.0,15059581.0,442.12,452.1,451.58,448.11,427.88,469.74,445.6,421.46,0.11
2020-10-27,448.5,445.5,447.5,447.0,20117660.0,439.17,450.4,450.75,448.0,428.51,468.6,446.8,425.0,0.1
2020-10-28,447.0,443.0,445.0,444.0,24710230.0,436.23,448.27,449.52,447.62,429.02,467.01,447.8,428.59,0.09
2020-10-29,439.5,435.5,436.5,437.0,41285612.0,429.35,444.51,447.24,446.61,429.28,466.48,448.08,429.67,0.08
2020-10-30,437.0,432.0,437.0,432.0,47668895.0,424.44,440.34,444.47,445.22,429.37,466.35,448.12,429.9,0.08
2020-11-02,435.5,428.0,433.0,435.5,33477443.0,427.88,438.73,442.84,444.29,429.57,466.09,448.25,430.41,0.08
2020-11-03,443.0,438.0,439.5,441.0,30328495.0,433.28,439.48,442.51,443.98,429.95,465.36,448.68,431.99,0.07
2020-11-04,451.5,443.0,444.5,450.0,37512790.0,442.12,442.99,443.87,444.55,430.6,465.35,449.2,433.05,0.07
2020-11-05,451.5,445.5,451.5,451.0,34886108.0,443.1,445.66,445.17,445.17,431.27,465.51,449.6,433.69,0.07
2020-11-06,455.5,450.0,455.0,452.5,30154140.0,444.58,447.94,446.5,445.87,431.97,465.47,449.58,433.68,0.07
2020-11-09,460.0,454.0,458.0,458.5,39245881.0,450.47,451.46,448.68,447.07,432.84,465.21,449.5,433.79,0.07
2020-11-10,454.5,448.5,452.0,451.0,34820499.0,443.1,451.31,449.1,447.44,433.43,463.61,448.95,434.29,0.07
2020-11-11,457.0,448.5,448.5,457.0,36765561.0,449.0,453.2,450.54,448.35,434.21,463.26,448.85,434.44,0.06
2020-11-12,463.5,457.5,463.0,458.0,40100880.0,449.98,454.8,451.9,449.27,434.99,463.95,449.1,434.25,0.07
2020-11-13,462.0,456.5,459.0,462.0,31037438.0,453.91,457.2,453.73,450.48,435.87,465.63,449.75,433.87,0.07
2020-11-16,484.5,469.0,470.0,484.0,81994937.0,475.53,466.13,459.24,453.68,437.45,472.7,451.08,429.45,0.1
2020-11-17,506.0,485.5,502.0,485.5,72413868.0,477.0,472.59,464.01,456.71,439.02,479.12,452.8,426.48,0.12
2020-11-18,497.0,486.5,490.0,497.0,50387727.0,488.3,480.73,470.01,460.54,440.93,487.62,455.0,422.38,0.14
2020-11-19,499.0,490.0,499.0,490.0,44220053.0,481.42,483.82,473.64,463.35,442.53,492.76,456.75,420.74,0.16
2020-11-20,490.0,486.0,486.0,488.0,32281453.0,479.46,485.21,476.25,465.7,444.03,496.95,458.55,420.15,0.17
2020-11-23,498.5,492.0,494.5,496.5,38084006.0,487.81,488.97,479.94,468.63,445.75,502.43,460.88,419.32,0.18
2020-11-24,500.0,491.5,499.5,492.0,35479226.0,483.39,489.98,482.13,470.86,447.26,506.27,463.12,419.98,0.19
2020-11-25,495.5,487.0,495.0,487.0,41419632.0,478.47,488.99,483.01,472.39,448.57,508.68,465.28,421.87,0.19
2020-11-26,493.5,488.0,489.0,489.0,28893033.0,480.44,488.99,484.1,473.98,449.89,510.41,467.88,425.34,0.18
2020-11-27,492.0,486.5,487.5,489.0,32960189.0,480.44,488.99,484.99,475.41,451.17,510.84,470.72,430.61,0.17
2020-11-30,493.5,480.5,493.0,480.5,119895176.0,472.09,486.16,484.18,475.89,452.13,509.85,472.98,436.1,0.16
2020-12-01,490.0,483.5,489.5,490.0,37018651.0,481.42,487.44,485.24,477.24,453.38,509.91,475.42,440.94,0.15
2020-12-02,500.0,493.5,499.5,499.0,50621339.0,490.26,491.29,487.74,479.31,454.87,511.74,477.88,444.01,0.14
2020-12-03,499.5,495.0,499.5,497.0,35651379.0,488.3,493.2,489.42,480.99,456.25,512.65,480.18,447.7,0.14
2020-12-04,505.0,497.5,498.5,503.0,51172005.0,494.19,496.46,491.89,483.09,457.79,514.01,482.7,451.39,0.13
2020-12-07,515.0,506.0,512.0,514.0,44271244.0,505.0,502.31,495.91,486.03,459.63,517.54,485.48,453.41,0.13
2020-12-08,525.0,509.0,514.0,524.0,40771761.0,514.83,509.54,501.02,489.65,461.74,521.28,489.12,456.97,0.13
2020-12-09,524.0,520.0,521.0,520.0,43314115.0,510.9,513.03,504.47,492.54,463.65,523.56,492.28,460.99,0.13
2020-12-10,515.0,510.0,511.0,512.0,42556926.0,503.04,512.68,505.84,494.39,465.24,523.12,494.98,466.83,0.11
2020-12-11,517.0,505.0,517.0,516.0,45660960.0,506.97,513.79,507.69,496.45,466.9,522.85,497.68,472.5,0.1
2020-12-14,513.0,508.0,512.0,508.0,30260485.0,499.11,511.86,507.74,497.55,468.25,523.62,498.88,474.13,0.1
2020-12-15,510.0,504.0,507.0,504.0,39852366.0,495.18,509.24,507.06,498.16,469.42,523.84,499.8,475.76,0.1
2020-12-16,515.0,507.0,509.0,512.0,52012348.0,503.04,510.16,507.96,499.48,470.82,525.13,500.55,475.97,0.1
2020-12-17,515.0,508.0,515.0,508.0,38215179.0,501.55,509.44,507.97,500.29,472.03,525.73,501.45,477.17,0.1
2020-12-18,512.0,507.0,508.0,510.0,39924864.0,503.53,509.63,508.34,501.22,473.28,526.28,502.55,478.82,0.09
2020-12-21,517.0,508.0,512.0,516.0,34813281.0,509.45,511.75,509.73,502.63,474.68,527.78,503.52,479.27,0.1
2020-12-22,516.0,509.0,512.0,509.0,22454277.0,502.54,510.83,509.6,503.23,475.81,528.14,504.38,480.61,0.09
2020-12-23,511.0,506.0,508.0,509.0,18086715.0,502.54,510.22,509.49,503.78,476.89,527.92,505.48,483.03,0.09
2020-12-24,512.0,508.0,511.0,510.0,14950143.0,503.53,510.15,509.58,504.37,477.98,527.72,506.52,485.33,0.08
2020-12-25,515.0,510.0,514.0,511.0,12327895.0,504.52,510.43,509.84,505.01,479.06,527.3,507.62,487.95,0.08
2020-12-28,515.0,509.0,512.0,515.0,19087382.0,508.47,511.95,510.78,505.96,480.24,524.81,509.35,493.89,0.06
2020-12-29,517.0,513.0,515.0,515.0,19907528.0,508.47,512.97,511.55,506.82,481.38,523.41,510.6,497.79,0.05
2020-12-30,525.0,514.0,516.0,525.0,46292401.0,518.34,516.98,513.99,508.55,482.81,525.01,511.9,498.79,0.05
2020-12-31,530.0,524.0,526.0,530.0,29970398.0,523.28,521.32,516.9,510.59,484.36,527.05,513.55,500.05,0.05
2021-01-04,540.0,528.0,530.0,536.0,38770328.0,529.2,526.21,520.37,513.01,486.05,531.01,515.2,499.39,0.06
2021-01-05,542.0,535.0,536.0,542.0,34411866.0,535.12,531.48,524.31,515.77,487.88,536.23,516.6,496.97,0.08
2021-01-06,555.0,541.0,555.0,549.0,53030554.0,542.03,537.32,528.8,518.94,489.89,541.89,517.85,493.81,0.09
2021-01-07,570.0,553.0,554.0,565.0,51166782.0,557.83,546.54,535.38,523.32,492.35,551.75,520.1,488.45,0.12
2021-01-08,580.0,571.0,580.0,580.0,59563555.0,572.64,557.7,543.49,528.72,495.22,564.24,523.5,482.76,0.16
2021-01-11,584.0,574.0,577.0,584.0,48810990.0,576.59,566.46,550.86,533.99,498.14,575.22,526.9,478.58,0.18
2021-01-12,597.0,582.0,583.0,591.0,50232426.0,583.5,574.64,558.16,539.42,501.18,585.97,531.05,476.13,0.21
2021-01-13,605.0,593.0,595.0,605.0,62662393.0,597.32,584.76,566.67,545.66,504.58,598.24,536.1,473.96,0.23
2021-01-14,597.0,587.0,587.0,592.0,75288477.0,584.49,587.17,571.28,550.08,507.45,605.72,540.1,474.48,0.24
2021-01-15,625.0,601.0,621.0,601.0,92010500.0,593.38,591.78,576.68,554.93,510.52,613.71,544.75,475.79,0.25
2021-01-18,608.0,594.0,608.0,607.0,45726476.0,599.3,596.86,582.19,559.89,513.68,621.67,549.6,477.53,0.26
2021-01-19,632.0,613.0,618.0,627.0,50672866.0,619.05,606.9,590.34,566.28,517.4,632.89,555.15,477.41,0.28
2021-01-20,650.0,631.0,633.0,647.0,82066422.0,638.79,620.27,600.64,573.96,521.65,646.4,562.05,477.7,0.3
2021-01-21,679.0,640.0,640.0,673.0,89019137.0,664.46,637.85,613.8,583.4,526.61,663.76,570.25,476.74,0.33
2021-01-22,665.0,649.0,649.0,649.0,125179403.0,640.77,641.56,620.2,589.64,530.62,672.41,577.2,481.99,0.33
2021-01-25,646.0,626.0,642.0,633.0,93050133.0,624.97,638.71,622.53,593.77,533.98,676.38,583.3,490.22,0.32
2021-01-26,640.0,610.0,632.0,617.0,100153482.0,609.17,631.47,621.52,595.99,536.7,677.02,588.4,499.78,0.3
2021-01-27,625.0,611.0,618.0,615.0,59985191.0,607.2,625.98,620.34,597.8,539.27,675.97,593.4,510.83,0.28
2021-01-28,608.0,598.0,600.0,601.0,96447533.0,593.38,617.65,616.82,598.1,541.29,673.59,597.2,520.81,0.26
2021-01-29,619.0,591.0,619.0,591.0,90745237.0,583.5,608.77,612.13,597.43,542.92,670.27,600.25,530.23,0.23
2021-02-01,612.0,587.0,595.0,611.0,67462398.0,603.25,609.51,611.92,598.72,545.15,667.59,604.0,540.41,0.21
2021-02-02,638.0,622.0,629.0,632.0,78429188.0,623.98,617.01,615.57,601.89,548.0,666.39,608.5,550.61,0.19
2021-02-03,642.0,630.0,638.0,630.0,48738970.0,622.01,621.34,618.19,604.57,550.69,664.22,612.55,560.88,0.17
2021-02-04,632.0,620.0,626.0,627.0,46371900.0,619.05,623.23,619.8,606.7,553.19,662.78,615.65,568.52,0.15
2021-02-05,641.0,631.0,638.0,632.0,53267273.0,623.98,626.15,622.01,609.11,555.77,662.89,618.25,573.61,0.14
2021-02-17,668.0,660.0,663.0,663.0,107614290.0,654.59,638.43,629.47,614.24,559.29,667.99,622.2,576.41,0.15
2021-02-18,665.0,656.0,664.0,660.0,53109010.0,651.63,645.62,635.02,618.6,562.59,671.91,625.65,579.39,0.15
2021-02-19,657.0,647.0,656.0,652.0,50279585.0,643.73,647.75,638.11,621.78,565.52,674.6,628.0,581.4,0.15
2021-02-22,662.0,650.0,660.0,650.0,36474610.0,641.75,648.5,640.27,624.47,568.29,675.35,630.9,586.45,0.14
2021-02-23,643.0,633.0,641.0,641.0,50076333.0,632.87,646.0,640.4,626.04,570.68,675.34,632.9,590.46,0.13
2021-02-24,636.0,625.0,627.0,625.0,66206750.0,617.07,639.0,637.6,625.94,572.46,674.74,633.8,592.86,0.13
2021-02-25,636.0,628.0,636.0,635.0,43231417.0,626.94,637.67,637.13,626.81,574.51,675.02,634.2,593.38,0.13
2021-02-26,618.0,606.0,611.0,606.0,111861175.0,598.31,627.11,631.47,624.83,575.54,674.29,632.15,590.01,0.13
2021-03-02,622.0,609.0,621.0,609.0,54041533.0,601.27,621.07,627.38,623.32,576.64,667.79,628.95,590.11,0.12
2021-03-03,622.0,601.0,609.0,622.0,48252965.0,614.11,621.38,626.4,623.19,578.13,665.42,627.6,589.78,0.12
2021-03-04,611.0,601.0,609.0,601.0,67711962.0,593.38,614.59,621.79,621.08,578.88,665.45,626.0,586.55,0.13
2021-03-05,605.0,584.0,588.0,601.0,79918467.0,593.38,610.06,618.01,619.17,579.6,665.97,625.2,584.43,0.13
2021-03-08,610.0,598.0,608.0,598.0,43219772.0,590.41,606.04,614.37,617.15,580.2,666.62,624.35,582.08,0.14
2021-03-09,595.0,585.0,585.0,595.0,68768861.0,587.45,602.36,610.85,615.04,580.69,667.05,624.05,581.05,0.14
2021-03-10,601.0,593.0,601.0,597.0,40146301.0,589.43,600.57,608.33,613.32,581.22,666.5,624.35,582.2,0.14
2021-03-11,612.0,595.0,596.0,609.0,54416046.0,601.27,603.38,608.45,612.91,582.13,666.54,624.25,581.96,0.14
2021-03-12,618.0,609.0,615.0,614.0,33168846.0,606.21,606.92,609.46,613.01,583.18,665.71,623.35,580.99,0.14
2021-03-15,614.0,609.0,614.0,611.0,27416758.0,603.25,608.28,609.74,612.82,584.09,664.97,622.4,579.83,0.14
2021-03-16,613.0,607.0,610.0,613.0,36949425.0,605.22,609.85,610.33,612.84,585.04,664.4,621.7,579.0,0.14
2021-03-17,612.0,602.0,612.0,604.0,39517807.0,598.78,607.9,609.18,612.0,585.66,663.4,620.3,577.2,0.14
2021-03-18,609.0,602.0,606.0,602.0,29415526.0,596.8,605.94,607.88,611.05,586.2,656.27,617.25,578.23,0.13
2021-03-19,598.0,591.0,594.0,591.0,70866028.0,585.89,600.96,604.81,609.14,586.35,649.11,613.8,578.49,0.12
2021-03-22,598.0,586.0,588.0,593.0,34089033.0,587.87,598.3,602.66,607.6,586.57,642.58,610.85,579.12,0.1
2021-03-23,603.0,593.0,597.0,594.0,29374037.0,588.87,596.87,601.09,606.3,586.82,634.99,608.05,581.11,0.09
2021-03-24,582.0,571.0,571.0,576.0,107253959.0,571.02,589.91,596.52,603.42,586.46,630.72,604.8,578.88,0.09
2021-03-25,581.0,570.0,572.0,575.0,67833354.0,570.03,584.94,592.61,600.71,586.09,629.56,602.3,575.04,0.09
2021-03-26,592.0,580.0,582.0,590.0,36829858.0,584.9,586.63,592.14,599.69,586.21,623.27,600.05,576.83,0.08
2021-03-29,602.0,596.0,599.0,599.0,37884733.0,593.82,590.75,593.38,599.63,586.63,622.76,599.7,576.64,0.08
2021-03-30,600.0,592.0,600.0,597.0,33099123.0,591.84,592.83,594.04,599.38,586.97,621.78,599.1,576.42,0.08
2021-03-31,597.0,587.0,596.0,587.0,38790886.0,581.93,590.89,592.76,598.2,586.97,618.0,597.35,576.7,0.07
2021-04-01,602.0,594.0,598.0,602.0,43091157.0,596.8,594.59,594.44,598.56,587.47,618.09,597.4,576.71,0.07
2021-04-07,614.0,608.0,614.0,610.0,24603109.0,604.73,599.73,597.27,599.65,588.21,619.22,597.85,576.48,0.07
2021-04-08,613.0,603.0,606.0,613.0,23976625.0,607.7,604.15,600.13,600.92,589.02,620.96,598.6,576.24,0.07
2021-04-09,618.0,609.0,618.0,610.0,27303862.0,604.73,606.1,601.92,601.79,589.71,622.18,599.35,576.52,0.08
2021-04-12,613.0,603.0,612.0,605.0,22606128.0,599.77,605.73,602.48,602.09,590.21,622.68,599.75,576.82,0.08
2021-04-13,613.0,604.0,604.0,605.0,25971622.0,599.77,605.49,602.94,602.37,590.69,622.23,599.55,576.87,0.08
2021-04-14,612.0,600.0,608.0,612.0,30077913.0,606.71,607.66,604.59,603.29,591.39,621.89,599.45,577.01,0.07
2021-04-15,619.0,607.0,612.0,619.0,33530942.0,613.65,611.44,607.21,604.78,592.3,623.36,599.85,576.34,0.08
2021-04-16,611.0,603.0,610.0,610.0,48507383.0,604.73,610.96,607.72,605.28,592.88,622.9,599.7,576.5,0.08
2021-04-19,607.0,601.0,605.0,603.0,24231637.0,597.79,608.31,606.86,605.06,593.21,622.82,599.65,576.48,0.08
2021-04-20,602.0,595.0,598.0,602.0,34771635.0,596.8,606.2,605.98,604.77,593.5,622.82,599.65,576.48,0.08
2021-04-21,599.0,592.0,599.0,592.0,38458220.0,586.88,601.47,603.43,603.55,593.45,622.8,599.7,576.6,0.08
2021-04-22,598.0,591.0,596.0,591.0,33868521.0,585.89,597.98,601.17,602.36,593.37,622.83,599.6,576.37,0.08
2021-04-23,602.0,590.0,592.0,602.0,27754511.0,596.8,599.32,601.32,602.32,593.65,623.11,600.0,576.89,0.08
2021-04-26,610.0,603.0,605.0,610.0,30887664.0,604.73,602.88,602.9,603.06,594.19,622.37,601.7,581.03,0.07
2021-04-27,611.0,605.0,608.0,610.0,26317481.0,604.73,605.25,604.19,603.72,594.71,620.37,603.45,586.53,0.06
2021-04-28,608.0,601.0,606.0,602.0,24024054.0,596.8,604.17,603.79,603.55,594.94,619.83,604.05,588.27,0.05
2021-04-29,609.0,600.0,609.0,600.0,31828333.0,594.81,602.78,603.1,603.21,595.11,619.82,604.1,588.38,0.05
2021-05-03,597.0,588.0,595.0,588.0,41762441.0,582.92,597.85,600.36,601.77,594.88,620.62,603.65,586.68,0.06
2021-05-04,594.0,582.0,588.0,591.0,40273595.0,585.89,595.57,598.66,600.74,594.75,620.11,603.85,587.59,0.05
2021-05-05,594.0,585.0,594.0,585.0,29254785.0,579.94,592.05,596.17,599.24,594.43,621.22,603.0,584.78,0.06
2021-05-06,590.0,580.0,590.0,587.0,30725590.0,581.93,590.36,594.51,598.08,594.19,621.04,601.85,582.66,0.06
2021-05-07,600.0,589.0,594.0,599.0,28075722.0,593.82,593.24,595.32,598.16,594.34,619.67,601.15,582.63,0.06
2021-05-10,597.0,588.0,596.0,589.0,20434079.0,583.91,591.83,594.17,597.29,594.17,618.87,600.1,581.33,0.06
2021-05-11,580.0,570.0,579.0,571.0,59349193.0,566.06,584.89,589.96,594.79,593.41,620.88,598.4,575.92,0.08
2021-05-12,571.0,518.0,567.0,560.0,131741482.0,555.16,576.59,584.51,591.47,592.31,623.92,596.15,568.38,0.09
2021-05-13,563.0,541.0,547.0,547.0,66765627.0,542.27,566.73,577.69,587.24,590.83,626.99,592.9,558.81,0.11
2021-05-14,562.0,552.0,556.0,557.0,37533726.0,552.19,563.48,573.93,584.36,589.72,625.09,589.8,554.51,0.12
2021-05-17,558.0,541.0,544.0,549.0,56270958.0,544.25,558.66,569.4,580.99,588.38,624.95,586.75,548.55,0.13
2021-05-18,573.0,555.0,563.0,572.0,43689316.0,567.06,563.1,569.87,580.13,587.85,623.15,585.2,547.25,0.13
2021-05-19,572.0,565.0,571.0,567.0,28908777.0,562.1,564.4,569.35,578.88,587.16,621.37,583.45,545.53,0.13
2021-05-20,571.0,560.0,567.0,567.0,29709287.0,562.1,565.27,568.92,577.75,586.5,620.55,582.2,543.85,0.13
2021-05-21,577.0,568.0,572.0,573.0,27376731.0,568.05,567.85,569.66,577.3,586.06,619.63,581.3,542.97,0.13
2021-05-24,572.0,566.0,570.0,568.0,15629736.0,563.09,567.9,569.36,576.41,585.47,617.11,579.6,542.09,0.13
2021-05-25,584.0,573.0,576.0,583.0,33039911.0,577.96,572.93,571.84,577.04,585.39,613.14,578.25,543.36,0.12
2021-05-26,588.0,581.0,587.0,585.0,18703987.0,579.94,576.95,574.23,577.8,585.37,608.92,577.0,545.08,0.11
2021-05-27,582.0,573.0,580.0,582.0,62169719.0,576.97,578.64,575.65,578.2,585.26,605.91,576.0,546.09,0.1
2021-05-28,592.0,582.0,587.0,590.0,29086873.0,584.9,582.42,578.26,579.32,585.42,604.1,575.5,546.9,0.1
2021-05-31,597.0,590.0,595.0,597.0,30657474.0,591.84,587.28,581.66,581.01,585.8,605.58,575.95,546.32,0.1
2021-06-01,599.0,595.0,598.0,598.0,17818326.0,592.83,590.86,584.63,582.62,586.2,606.79,576.3,545.81,0.11
2021-06-02,600.0,593.0,600.0,595.0,21872755.0,589.86,592.24,586.52,583.8,586.49,608.16,576.8,545.44,0.11
2021-06-03,600.0,596.0,600.0,596.0,21077164.0,590.85,593.49,588.24,584.97,586.8,609.43,577.25,545.07,0.11
2021-06-04,595.0,590.0,591.0,595.0,15756180.0,589.86,593.99,589.47,585.92,587.07,608.73,577.05,545.37,0.11
2021-06-07,595.0,583.0,594.0,592.0,17077625.0,586.88,593.33,589.93,586.5,587.23,609.13,577.2,545.27,0.11
2021-06-08,595.0,588.0,590.0,589.0,13396324.0,583.91,591.89,589.76,586.74,587.29,610.3,578.1,545.9,0.11
2021-06-09,588.0,583.0,586.0,586.0,20023490.0,580.93,589.92,589.08,586.67,587.25,610.66,579.4,548.14,0.11
2021-06-10,599.0,587.0,591.0,599.0,28527745.0,593.82,592.95,590.88,587.84,587.63,610.58,582.0,553.42,0.1
2021-06-11,603.0,600.0,602.0,602.0,24227710.0,596.8,595.97,592.9,589.19,588.1,611.66,584.25,556.84,0.09
2021-06-15,609.0,606.0,607.0,609.0,26012250.0,603.74,600.31,595.83,591.08,588.79,611.53,587.25,562.97,0.08
2021-06-16,608.0,605.0,608.0,605.0,25856919.0,599.77,601.87,597.5,592.4,589.32,613.3,588.9,564.5,0.08
2021-06-17,606.0,598.0,601.0,606.0,22872361.0,603.25,603.25,599.04,593.7,589.87,614.14,590.85,567.56,0.08
2021-06-18,608.0,601.0,608.0,603.0,32652017.0,600.27,603.17,599.76,594.58,590.3,613.75,592.65,571.55,0.07
2021-06-21,594.0,583.0,590.0,583.0,44279632.0,580.36,596.44,596.71,593.48,590.06,612.79,593.15,573.51,0.07
2021-06-22,588.0,578.0,585.0,578.0,27823974.0,575.38,590.3,593.31,592.01,589.66,611.09,593.65,576.21,0.06
2021-06-23,598.0,581.0,583.0,595.0,34392376.0,592.3,591.86,593.62,592.29,589.84,610.99,594.25,577.51,0.06
2021-06-24,598.0,588.0,598.0,590.0,16524230.0,587.33,591.24,592.96,592.07,589.84,610.83,594.5,578.17,0.05
2021-06-25,598.0,589.0,598.0,591.0,18841696.0,588.32,591.16,592.6,591.97,589.88,610.34,594.95,579.56,0.05
2021-06-28,590.0,586.0,590.0,590.0,15028407.0,587.33,590.77,592.13,591.78,589.88,610.34,594.95,579.56,0.05
2021-06-29,598.0,591.0,598.0,595.0,28659610.0,592.3,592.18,592.65,592.09,590.05,610.22,594.85,579.48,0.05
2021-06-30,599.0,595.0,599.0,595.0,24883853.0,592.3,593.12,593.08,592.37,590.21,610.0,594.7,579.4,0.05
2021-07-01,597.0,591.0,596.0,593.0,18250994.0,590.31,593.08,593.06,592.43,590.31,609.92,594.6,579.28,0.05
2021-07-02,593.0,587.0,590.0,588.0,18322419.0,585.34,591.39,592.14,592.01,590.23,609.76,594.2,578.64,0.05
2021-07-05,597.0,588.0,588.0,591.0,28836816.0,588.32,591.26,591.94,591.91,590.25,609.62,594.0,578.38,0.05
2021-07-06,596.0,589.0,595.0,592.0,12997112.0,589.32,591.51,591.95,591.92,590.31,609.62,594.0,578.38,0.05
2021-07-07,594.0,588.0,590.0,594.0,16966158.0,591.31,592.34,592.32,592.12,590.43,609.7,594.25,578.8,0.05
2021-07-08,595.0,588.0,595.0,588.0,21140426.0,585.34,590.89,591.54,591.72,590.35,609.61,594.35,579.09,0.05
2021-07-09,585.0,580.0,582.0,584.0,29029415.0,581.35,588.59,590.17,590.99,590.15,609.34,593.6,577.86,0.05
2021-07-12,597.0,590.0,595.0,593.0,31304547.0,590.31,590.06,590.68,591.18,590.24,608.41,593.15,577.89,0.05
2021-07-13,608.0,599.0,600.0,607.0,52540315.0,604.25,595.71,593.65,592.69,590.79,607.92,593.05,578.18,0.05
2021-07-14,615.0,608.0,613.0,613.0,38418875.0,610.22,601.47,597.17,594.62,591.52,609.92,593.45,576.98,0.06
2021-07-15,614.0,608.0,613.0,614.0,22012834.0,611.22,605.65,600.23,596.47,592.25,611.84,593.85,575.86,0.06
2021-07-16,595.0,588.0,591.0,589.0,57970545.0,586.33,600.1,598.19,595.76,592.15,610.75,593.15,575.55,0.06
2021-07-19,584.0,578.0,583.0,582.0,40644341.0,579.36,594.07,595.24,594.45,591.81,610.82,593.1,575.38,0.06
2021-07-20,584.0,579.0,579.0,581.0,15354333.0,578.37,589.71,592.65,593.17,591.46,610.5,593.25,576.0,0.06
2021-07-21,586.0,580.0,586.0,585.0,25828732.0,582.35,588.14,591.26,592.39,591.25,610.34,592.75,575.16,0.06
2021-07-22,594.0,587.0,589.0,591.0,26058172.0,588.32,589.09,591.21,592.26,591.24,610.37,592.8,575.23,0.06
2021-07-23,592.0,583.0,592.0,585.0,15271451.0,582.35,587.73,590.08,591.56,591.04,610.38,592.5,574.62,0.06
2021-07-26,591.0,580.0,591.0,580.0,21619179.0,577.37,585.15,588.25,590.46,590.67,610.68,592.0,573.32,0.06
2021-07-27,584.0,580.0,581.0,580.0,17785992.0,577.37,583.44,586.75,589.47,590.32,610.58,591.25,571.92,0.07
2021-07-28,579.0,573.0,576.0,579.0,36158305.0,576.38,581.96,585.34,588.47,589.95,610.4,590.45,570.5,0.07
2021-07-29,585.0,577.0,585.0,583.0,23224896.0,580.36,582.3,584.92,587.95,589.72,610.12,589.95,569.78,0.07
2021-07-30,582.0,578.0,581.0,580.0,18999281.0,577.37,581.54,584.02,587.19,589.41,610.17,589.55,568.93,0.07
2021-08-02,590.0,580.0,583.0,590.0,23482491.0,587.33,584.36,585.11,587.46,589.42,610.12,589.5,568.88,0.07
2021-08-03,594.0,590.0,594.0,594.0,22747702.0,591.31,587.57,586.73,588.08,589.57,610.28,589.6,568.92,0.07
2021-08-04,598.0,594.0,598.0,596.0,20313271.0,593.3,590.38,588.41,588.84,589.79,610.49,589.7,568.91,0.07
2021-08-05,598.0,593.0,598.0,596.0,15116242.0,593.3,592.25,589.79,589.52,589.99,611.05,590.1,569.15,0.07
2021-08-06,596.0,588.0,596.0,591.0,13687213.0,588.32,591.84,590.01,589.66,590.02,611.21,590.45,569.69,0.07
2021-08-09,595.0,583.0,590.0,595.0,17390951.0,592.3,592.89,590.92,590.17,590.19,611.38,590.55,569.72,0.07
2021-08-10,596.0,589.0,596.0,591.0,17190865.0,588.32,592.26,590.93,590.25,590.21,609.17,589.75,570.33,0.07
2021-08-11,590.0,585.0,590.0,590.0,19969687.0,587.33,591.51,590.76,590.22,590.21,604.84,588.6,572.36,0.06
2021-08-12,588.0,584.0,586.0,586.0,15444622.0,583.35,589.67,589.9,589.82,590.07,598.52,587.2,575.88,0.04
2021-08-13,585.0,579.0,585.0,581.0,22524428.0,578.37,586.78,588.28,588.98,589.77,598.4,586.8,575.2,0.04
2021-08-16,586.0,578.0,582.0,584.0,19315705.0,581.35,585.85,587.5,588.51,589.58,598.37,586.9,575.43,0.04
2021-08-17,584.0,584.0,584.0,584.0,0.0,581.35,585.24,586.86,588.08,589.4,598.28,587.05,575.82,0.04
2021-08-18,575.0,566.0,568.0,574.0,43716164.0,571.4,581.49,584.53,586.74,588.89,599.08,586.5,573.92,0.04
2021-08-19,573.0,559.0,573.0,559.0,38868947.0,556.47,573.99,579.88,584.1,587.91,602.08,584.9,567.72,0.06
2021-08-20,563.0,551.0,560.0,552.0,45614061.0,549.5,566.66,574.81,581.04,586.74,605.63,583.25,560.87,0.08
2021-08-23,572.0,559.0,560.0,566.0,33685159.0,563.44,566.44,573.21,579.61,586.06,606.13,582.55,558.97,0.08
2021-08-24,575.0,571.0,574.0,572.0,24844800.0,569.41,568.29,572.99,578.88,585.59,606.16,582.15,558.14,0.08
2021-08-25,585.0,574.0,579.0,585.0,27504657.0,582.35,573.86,575.18,579.46,585.58,606.45,582.45,558.45,0.08
2021-08-26,603.0,591.0,601.0,594.0,43822008.0,591.31,580.58,578.6,580.85,585.85,607.52,583.0,558.48,0.08
2021-08-27,600.0,593.0,596.0,599.0,27105651.0,596.29,586.72,582.31,582.58,586.28,609.39,583.95,558.51,0.09
2021-08-30,605.0,599.0,602.0,605.0,36575609.0,602.26,592.81,586.43,584.71,586.9,611.65,584.7,557.75,0.09
2021-08-31,614.0,598.0,604.0,614.0,52721470.0,611.22,599.87,591.45,587.5,587.79,615.3,585.7,556.1,0.1
2021-09-01,614.0,608.0,614.0,613.0,30092045.0,610.22,604.25,595.36,589.93,588.61,618.19,586.55,554.91,0.11
2021-09-02,615.0,607.0,613.0,607.0,24112463.0,604.25,605.17,597.48,591.56,589.21,619.75,587.1,554.45,0.11
2021-09-03,620.0,610.0,610.0,620.0,51562454.0,617.19,610.11,601.57,594.27,590.22,624.2,588.55,552.9,0.12
2021-09-06,638.0,621.0,623.0,631.0,55589014.0,628.14,617.07,606.92,597.76,591.56,630.48,590.35,550.22,0.14
2021-09-07,634.0,623.0,634.0,623.0,26526056.0,620.18,619.05,609.85,600.17,592.59,634.53,591.95,549.37,0.14
2021-09-08,627.0,612.0,622.0,619.0,37817737.0,616.2,619.03,611.51,601.96,593.46,637.56,593.4,549.24,0.15
2021-09-09,620.0,610.0,612.0,619.0,18735512.0,616.2,619.02,612.87,603.58,594.3,640.43,595.05,549.67,0.15
2021-09-10,623.0,614.0,615.0,622.0,16304725.0,619.18,620.01,614.53,605.34,595.2,643.45,597.1,550.75,0.16
2021-09-13,620.0,613.0,619.0,615.0,15198774.0,612.21,618.34,614.62,606.26,595.85,645.22,598.65,552.08,0.16
2021-09-14,618.0,612.0,618.0,613.0,14441901.0,610.22,616.56,614.32,606.9,596.41,646.56,600.1,553.64,0.15
2021-09-15,613.0,607.0,610.0,607.0,23433501.0,604.25,613.37,612.99,606.91,596.76,646.7,601.75,556.8,0.15
2021-09-16,607.0,599.0,603.0,600.0,22467022.0,600.0,608.92,610.63,606.25,596.87,644.29,603.8,563.31,0.13
2021-09-17,610.0,599.0,600.0,600.0,40717715.0,600.0,605.94,608.7,605.66,596.97,639.1,606.2,573.3,0.11
2021-09-22,589.0,583.0,586.0,586.0,40642293.0,586.0,599.3,604.57,603.78,596.61,636.12,607.2,578.28,0.1
2021-09-23,593.0,588.0,588.0,588.0,21696296.0,588.0,595.53,601.56,602.28,596.33,633.69,608.0,582.31,0.08
2021-09-24,598.0,590.0,591.0,598.0,16736973.0,598.0,596.35,600.91,601.87,596.38,632.58,608.65,584.72,0.08
2021-09-27,602.0,593.0,600.0,602.0,19464241.0,602.0,598.24,601.11,601.89,596.57,632.24,609.05,585.86,0.08
2021-09-28,596.0,592.0,595.0,594.0,16707080.0,594.0,596.82,599.82,601.13,596.48,632.52,608.8,585.08,0.08
2021-09-29,583.0,577.0,580.0,580.0,49310524.0,580.0,591.22,596.21,599.12,595.94,634.37,607.55,580.73,0.09
2021-09-30,585.0,575.0,580.0,580.0,30465107.0,580.0,587.48,593.27,597.3,595.42,635.03,605.85,576.67,0.1
2021-10-01,579.0,571.0,579.0,574.0,36704493.0,574.0,582.98,589.76,595.08,594.72,635.97,603.9,571.83,0.11
2021-10-04,575.0,569.0,574.0,572.0,20957803.0,572.0,579.32,586.53,592.88,593.97,637.05,602.15,567.25,0.12
2021-10-05,572.0,560.0,562.0,572.0,33824024.0,572.0,576.88,583.89,590.89,593.25,635.99,599.75,563.51,0.12
2021-10-06,574.0,565.0,573.0,571.0,32508846.0,571.0,574.92,581.55,589.0,592.52,632.07,596.75,561.43,0.12
2021-10-07,582.0,572.0,575.0,580.0,27933054.0,580.0,576.61,581.27,588.14,592.11,628.47,594.6,560.73,0.11
2021-10-08,583.0,573.0,582.0,575.0,18279079.0,575.0,576.08,580.13,586.89,591.55,625.34,592.4,559.46,0.11
2021-10-12,575.0,564.0,570.0,575.0,26522907.0,575.0,575.72,579.19,585.76,591.01,621.59,590.2,558.81,0.11
2021-10-13,575.0,570.0,572.0,571.0,18914374.0,571.0,574.14,577.7,584.35,590.35,616.47,587.65,558.83,0.1
2021-10-14,579.0,573.0,579.0,573.0,13916927.0,573.0,573.76,576.85,583.27,589.78,612.12,585.55,558.98,0.09
2021-10-15,600.0,586.0,592.0,600.0,53150216.0,600.0,582.51,581.06,584.86,590.12,609.3,584.9,560.5,0.08
2021-10-18,604.0,590.0,604.0,590.0,19158568.0,590.0,585.01,582.68,585.35,590.11,606.41,584.05,561.69,0.08
2021-10-19,600.0,593.0,598.0,600.0,17386359.0,600.0,590.0,585.83,586.75,590.44,606.41,584.05,561.69,0.08
2021-10-20,604.0,597.0,603.0,598.0,16372520.0,598.0,592.67,588.04,587.82,590.69,606.05,583.95,561.85,0.08
2021-10-21,603.0,595.0,602.0,596.0,16169014.0,596.0,593.78,589.49,588.6,590.86,607.15,584.45,561.75,0.08
2021-10-22,602.0,594.0,600.0,600.0,13995403.0,600.0,595.85,591.4,589.69,591.16,608.71,585.05,561.39,0.08
2021-10-25,597.0,590.0,597.0,593.0,16785568.0,593.0,594.9,591.69,590.0,591.22,608.01,584.8,561.59,0.08
2021-10-26,600.0,593.0,595.0,599.0,19998808.0,599.0,596.27,593.02,590.86,591.48,607.45,584.65,561.85,0.08
2021-10-27,599.0,594.0,598.0,599.0,14961858.0,599.0,597.18,594.11,591.63,591.72,608.21,584.9,561.59,0.08
2021-10-28,598.0,591.0,598.0,595.0,16570044.0,595.0,596.45,594.27,591.95,591.83,609.24,585.65,562.06,0.08
2021-10-29,596.0,589.0,595.0,590.0,25763960.0,590.0,594.3,593.49,591.77,591.77,609.66,586.15,562.64,0.08
2021-11-01,593.0,590.0,591.0,590.0,16089351.0,590.0,592.87,592.86,591.6,591.71,609.84,586.95,564.06,0.08
2021-11-02,597.0,590.0,594.0,592.0,15192404.0,592.0,592.58,592.7,591.64,591.72,609.86,587.95,566.04,0.07
2021-11-03,597.0,592.0,597.0,592.0,10224009.0,592.0,592.39,592.57,591.67,591.73,609.65,588.95,568.25,0.07
2021-11-04,594.0,585.0,592.0,587.0,17932145.0,587.0,590.59,591.56,591.23,591.58,608.79,589.75,570.71,0.06
2021-11-05,600.0,595.0,598.0,600.0,33270827.0,600.0,593.73,593.1,592.06,591.85,609.73,590.75,571.77,0.06
2021-11-08,602.0,598.0,600.0,602.0,19752355.0,602.0,596.48,594.71,593.01,592.18,610.23,592.1,573.97,0.06
2021-11-09,617.0,610.0,611.0,611.0,39538660.0,611.0,601.32,597.68,594.72,592.8,612.03,593.9,575.77,0.06
2021-11-10,612.0,608.0,611.0,612.0,16027674.0,612.0,604.88,600.28,596.37,593.43,612.46,595.95,579.44,0.06
2021-11-11,606.0,600.0,600.0,606.0,18463848.0,606.0,605.25,601.32,597.29,593.84,610.89,597.6,584.31,0.04
2021-11-12,611.0,602.0,610.0,604.0,15821327.0,604.0,604.84,601.81,597.92,594.18,611.34,597.8,584.26,0.05
2021-11-15,611.0,607.0,609.0,608.0,15551452.0,608.0,605.89,602.93,598.88,594.63,612.44,598.7,584.96,0.05
2021-11-16,612.0,608.0,612.0,610.0,20917108.0,610.0,607.26,604.22,599.94,595.13,613.8,599.2,584.6,0.05
2021-11-17,615.0,608.0,615.0,610.0,19717852.0,610.0,608.17,605.27,600.9,595.62,615.12,599.8,584.48,0.05
2021-11-18,614.0,607.0,613.0,613.0,20030651.0,613.0,609.78,606.67,602.05,596.19,616.89,600.65,584.41,0.05
2021-11-19,623.0,617.0,622.0,618.0,35554348.0,618.0,612.52,608.73,603.57,596.91,619.46,601.55,583.64,0.06
2021-11-22,618.0,615.0,618.0,615.0,20312168.0,615.0,613.35,609.87,604.66,597.5,621.02,602.65,584.28,0.06
2021-11-23,615.0,611.0,615.0,612.0,19431694.0,612.0,612.9,610.26,605.36,597.97,622.02,603.3,584.58,0.06
2021-11-24,612.0,602.0,612.0,603.0,20391940.0,603.0,609.6,608.94,605.13,598.14,622.12,603.5,584.88,0.06
2021-11-25,607.0,601.0,605.0,603.0,11888265.0,603.0,607.4,607.86,604.93,598.3,622.11,603.9,585.69,0.06
2021-11-26,601.0,592.0,598.0,596.0,26588102.0,596.0,603.6,605.7,604.08,598.22,621.67,604.2,586.73,0.06
2021-11-29,598.0,591.0,594.0,593.0,23379558.0,593.0,600.07,603.39,603.03,598.05,621.37,604.35,587.33,0.06
2021-11-30,600.0,591.0,597.0,596.0,62021697.0,596.0,598.71,602.05,602.36,597.98,621.07,604.55,588.03,0.05
2021-12-01,603.0,594.0,596.0,600.0,21403404.0,600.0,599.14,601.68,602.13,598.05,620.6,604.95,589.3,0.05
2021-12-02,615.0,602.0,605.0,615.0,45125742.0,615.0,604.43,604.1,603.36,598.61,620.24,606.35,592.46,0.05
2021-12-03,614.0,606.0,614.0,608.0,23045832.0,608.0,605.62,604.81,603.8,598.91,620.34,606.75,593.16,0.04
2021-12-06,609.0,600.0,603.0,600.0,23589363.0,600.0,603.75,603.93,603.44,598.95,620.41,606.65,592.89,0.05
2021-12-07,607.0,597.0,602.0,607.0,18606530.0,607.0,604.83,604.49,603.78,599.21,620.07,606.45,592.83,0.04
2021-12-08,614.0,602.0,614.0,602.0,20801543.0,602.0,603.89,604.04,603.61,599.31,619.45,605.95,592.45,0.04
2021-12-09,608.0,602.0,606.0,608.0,11039070.0,608.0,605.26,604.76,604.03,599.59,619.58,606.05,592.52,0.04
2021-12-10,608.0,602.0,605.0,605.0,10560208.0,605.0,605.17,604.8,604.12,599.77,619.6,606.1,592.6,0.04
